{
  "iot20191126" : {
    "PWM" : {
      "value" : 73
    },
    "RGBLed" : {
      "B" : 0,
      "G" : 100,
      "R" : 0
    },
    "camera" : "2020_07_09_20_28_11.jpg",
    "ledState" : true
  },
  "iot20200425" : {
    "ledControl" : false,
    "lightness" : 53,
    "value1" : 48
  },
  "raspberrypi" : {
    "LCD" : {
      "line1" : "japan2",
      "line2" : "jack"
    },
    "LED_Control" : {
      "LED25" : "OPEN",
      "date" : "2017"
    },
    "MCP3008" : {
      "brightness" : 2,
      "temperature" : 3
    },
    "MCP3008_push" : {
      "-LYROH8e94A8OVKi22sn" : {
        "light" : 0.4885197850512668,
        "temperature" : 0.16121152906691805
      },
      "-LYROVw4S1e2BYf8haTJ" : {
        "light" : 0.4885197850512668,
        "temperature" : 0.16121152906691805
      },
      "-LYROjgLtZTGuU9YqZxg" : {
        "light" : 0.4885197850512668,
        "temperature" : 0.16121152906691805
      },
      "-LYROyRiIEwWERg2bcCs" : {
        "light" : 0.4885197850512668,
        "temperature" : 0.16121152906691805
      },
      "-LYRPCDpHglYyoWRgwGw" : {
        "light" : 0.4885197850512668,
        "temperature" : 0.16121152906691805
      },
      "-LYRPQzP-LlxlEHfyFRf" : {
        "light" : 0.4885197850512668,
        "temperature" : 0.16121152906691805
      }
    },
    "PWM_Led" : {
      "pwm_value" : 55
    },
    "RGB_LED" : {
      "blue" : 134,
      "green" : 136,
      "red" : 209
    },
    "dis" : 80,
    "rfid" : {
      "-KzD8H_JNFWHVgRzYCnj" : {
        "cardID" : "22,78,200,59"
      },
      "-KzD8LjTnrKB3O2DyTi7" : {
        "cardID" : "34,64,67,213"
      },
      "-KzD8MIsj9KHTdb3pxSu" : {
        "cardID" : "22,78,200,59"
      },
      "-KzD8MuWfbg9s2gPrzYp" : {
        "cardID" : "34,64,67,213"
      },
      "-KzD8NVWXdgB0_EW3MzB" : {
        "cardID" : "22,78,200,59"
      },
      "-KzDCq1frvlMod8iPiyv" : {
        "cardID" : "34,64,67,213"
      },
      "-KzDCrJ9smgdhboTC-yT" : {
        "cardID" : "22,78,200,59"
      },
      "-KzDDQnPyAuHdExGTBPz" : {
        "cardID" : "34,64,67,213"
      }
    },
    "servo" : {
      "angle" : 25,
      "distance" : 316
    },
    "vr" : 0.13
  }
}
